0,511,262,11,11,13
0.000439668,11,11,12,12,10
0.000879336,13,11,9,11,11
0.001319003,15,13,11,11,15
0.001758671,15,14,13,14,17
0.002198339,15,13,15,15,14
0.002638007,15,15,15,11,15
0.003077675,15,15,15,15,15
0.003517342,15,15,15,15,15
0.00395701,18,14,19,15,15
0.004396678,15,15,15,16,11
0.004836346,14,15,15,15,15
0.005276014,15,13,19,15,21
0.005715681,17,15,15,17,15
0.006155349,15,23,22,23,20
0.006595017,19,15,18,19,11
0.007034685,18,15,17,18,15
0.007474353,19,23,19,20,19
0.007914021,15,19,20,15,23
0.008353688,21,15,19,18,23
0.008793356,19,19,19,15,19
0.009233024,21,19,18,21,15
0.009672692,23,22,21,23,15
0.01011236,19,23,23,23,19
0.010552027,21,19,23,19,22
0.010991695,21,19,23,25,23
0.011431363,23,26,23,19,23
0.011871031,23,21,23,23,23
0.012310699,23,25,23,21,19
0.012750366,23,19,23,27,23
0.013190034,23,23,23,23,23
0.013629702,21,23,23,23,23
0.01406937,23,23,23,19,22
0.014509038,15,15,17,19,19
0.014948705,22,19,23,27,25
0.015388373,27,23,26,29,23
0.015828041,25,23,23,29,23
0.016267709,29,28,23,23,23
0.016707377,26,23,27,27,27
0.017147044,30,23,27,23,27
0.017586712,27,29,29,29,23
0.01802638,23,31,23,23,27
0.018466048,23,23,23,31,31
0.018905716,31,27,29,31,31
0.019345383,29,29,31,31,27
0.019785051,31,31,31,31,33
0.020224719,30,31,31,27,27
0.020664387,31,31,29,31,29
0.021104055,31,31,31,27,27
0.021543723,31,31,31,31,31
0.02198339,31,31,31,27,31
0.022423058,31,31,31,33,31
0.022862726,31,34,27,31,31
0.023302394,35,31,35,31,34
0.023742062,33,31,31,31,31
0.024181729,31,31,39,35,35
0.024621397,34,31,34,36,31
0.025061065,31,39,35,35,37
0.025500733,35,31,35,31,39
0.025940401,31,39,31,39,33
0.026380068,31,35,35,36,29
0.026819736,31,30,31,31,31
0.027259404,31,27,23,27,38
0.027699072,35,35,37,39,39
0.02813874,39,38,37,37,31
0.028578407,38,35,39,39,39
0.029018075,31,34,39,39,37
0.029457743,42,39,39,39,39
0.029897411,39,39,39,39,39
0.030337079,39,39,41,39,39
0.030776746,39,39,39,39,39
0.031216414,40,39,39,39,39
0.031656082,39,39,37,42,39
0.03209575,39,39,39,39,39
0.032535418,39,39,39,39,39
0.032975085,39,38,39,39,43
0.033414753,39,42,39,45,41
0.033854421,47,43,47,43,43
0.034294089,39,43,47,45,43
0.034733757,47,43,46,43,47
0.035173425,43,39,47,43,43
0.035613092,47,47,47,47,39
0.03605276,47,43,47,49,46
0.036492428,47,43,47,46,47
0.036932096,47,51,47,47,47
0.037371764,43,47,47,47,39
0.037811431,41,45,47,41,39
0.038251099,41,47,47,51,47
0.038690767,47,47,47,47,47
0.039130435,54,51,47,47,47
0.039570103,45,44,47,47,51
0.04000977,47,51,45,47,51
0.040449438,47,51,47,47,47
0.040889106,51,47,55,51,51
0.041328774,47,55,47,52,47
0.041768442,51,53,47,51,55
0.042208109,51,47,55,47,51
0.042647777,51,51,47,53,51
0.043087445,51,55,55,51,55
0.043527113,47,53,51,54,47
0.043966781,55,55,57,51,51
0.044406448,55,51,55,55,47
0.044846116,51,51,54,55,55
0.045285784,54,51,55,55,55
0.045725452,55,51,47,53,51
0.04616512,55,55,55,55,55
0.046604787,55,47,55,55,55
0.047044455,55,55,55,55,51
0.047484123,55,59,55,59,55
0.047923791,55,55,59,51,55
0.048363459,55,55,59,55,55
0.048803127,59,55,55,55,55
0.049242794,59,55,55,55,55
0.049682462,47,55,55,55,55
0.05012213,55,55,59,55,60
0.050561798,59,57,55,59,55
0.051001466,59,59,55,55,55
0.051441133,59,55,59,59,55
0.051880801,59,57,62,59,63
0.052320469,59,61,62,59,55
0.052760137,57,59,59,61,61
0.053199805,59,63,59,61,61
0.053639472,59,59,59,59,63
0.05407914,63,59,59,63,59
0.054518808,63,63,63,59,63
0.054958476,63,63,63,63,63
0.055398144,63,63,63,63,63
0.055837811,63,63,63,63,63
0.056277479,63,63,63,63,59
0.056717147,63,63,63,63,63
0.057156815,59,63,63,63,63
0.057596483,63,63,63,63,63
0.05803615,59,63,63,63,63
0.058475818,63,63,63,63,63
0.058915486,63,63,63,63,63
0.059355154,63,63,63,63,63
0.059794822,63,63,63,67,63
0.060234489,63,63,66,66,63
0.060674157,63,63,63,63,63
0.061113825,63,63,68,63,63
0.061553493,63,63,63,63,63
0.061993161,63,63,63,70,63
0.062432829,63,63,63,63,63
0.062872496,71,63,63,69,63
0.063312164,67,63,67,71,63
0.063751832,73,67,71,71,71
0.0641915,63,63,63,69,69
0.064631168,69,71,72,69,71
0.065070835,71,68,63,71,71
0.065510503,70,69,67,69,63
0.065950171,73,67,69,63,71
0.066389839,70,74,70,68,70
0.066829507,71,71,73,72,71
0.067269174,71,71,74,67,71
0.067708842,71,72,71,75,71
0.06814851,71,71,71,71,73
0.068588178,70,71,71,73,73
0.069027846,75,74,74,63,71
0.069467513,71,75,63,75,71
0.069907181,77,73,75,75,75
0.070346849,73,73,74,73,75
0.070786517,75,72,71,79,75
0.071226185,73,75,75,73,71
0.071665852,75,73,75,75,79
0.07210552,75,75,71,71,74
0.072545188,71,71,77,75,75
0.072984856,77,75,75,79,79
0.073424524,75,78,79,77,75
0.073864191,77,79,79,79,77
0.074303859,79,77,78,79,75
0.074743527,79,79,83,78,75
0.075183195,79,73,79,79,79
0.075622863,83,77,79,79,79
0.076062531,78,79,77,78,79
0.076502198,79,79,81,77,79
0.076941866,81,77,83,79,79
0.077381534,79,79,87,79,79
0.077821202,79,79,83,79,79
0.07826087,83,77,79,83,79
0.078700537,79,83,83,79,79
0.079140205,79,79,79,75,84
0.079579873,79,79,85,83,83
0.080019541,79,85,87,87,85
0.080459209,79,83,77,83,79
0.080898876,79,83,86,85,87
0.081338544,83,85,83,83,85
0.081778212,83,85,83,87,87
0.08221788,87,87,85,79,87
0.082657548,87,87,87,87,87
0.083097215,85,87,87,87,87
0.083536883,87,83,79,87,87
0.083976551,87,87,87,87,87
0.084416219,87,87,87,87,91
0.084855887,91,89,87,87,87
0.085295554,87,87,89,83,85
0.085735222,83,87,87,83,87
0.08617489,87,88,89,87,87
0.086614558,89,89,87,91,91
0.087054226,91,87,89,87,87
0.087493894,87,93,90,89,87
0.087933561,87,87,91,90,91
0.088373229,91,87,91,87,91
0.088812897,87,87,93,91,91
0.089252565,91,90,87,87,91
0.089692233,87,91,87,89,91
0.0901319,93,94,94,95,87
0.090571568,93,94,91,91,93
0.091011236,87,95,91,95,94
0.091450904,95,93,91,91,95
0.091890572,87,93,91,93,93
0.092330239,95,95,91,95,95
0.092769907,95,95,95,95,95
0.093209575,95,95,95,95,95
0.093649243,95,95,95,95,95
0.094088911,95,100,95,95,95
0.094528578,93,95,95,95,95
0.094968246,95,95,95,95,95
0.095407914,95,95,95,95,95
0.095847582,95,95,95,95,95
0.09628725,101,95,95,95,95
0.096726917,95,95,95,95,95
0.097166585,99,95,95,95,95
0.097606253,95,95,99,99,99
0.098045921,95,95,95,95,103
0.098485589,95,95,103,95,103
0.098925256,101,95,99,95,99
0.099364924,100,95,103,100,103
0.099804592,102,103,101,99,103
0.10024426,101,102,95,103,103
0.100683928,101,95,103,103,103
0.101123596,102,103,103,103,100
0.101563263,103,103,99,101,103
0.102002931,95,103,103,95,103
0.102442599,100,103,103,103,106
0.102882267,103,103,103,103,103
0.103321935,103,95,103,103,103
0.103761602,103,102,103,107,103
0.10420127,106,103,107,103,103
0.104640938,103,103,99,103,103
0.105080606,104,100,103,105,103
0.105520274,103,103,103,105,103
0.105959941,103,107,103,103,103
0.106399609,107,107,103,107,107
0.106839277,103,106,103,107,107
0.107278945,107,103,107,107,109
0.107718613,111,109,107,107,107
0.10815828,111,107,111,109,107
0.108597948,107,109,111,111,109
0.109037616,111,111,111,111,107
0.109477284,111,109,107,103,101
0.109916952,103,103,111,107,107
0.110356619,103,109,107,111,111
0.110796287,111,111,111,111,109
0.111235955,111,111,111,111,106
0.111675623,109,109,111,111,111
0.112115291,103,103,109,111,111
0.112554958,111,119,111,111,115
0.112994626,111,111,111,111,109
0.113434294,111,111,111,112,111
0.113873962,111,111,111,111,111
0.11431363,111,115,111,111,111
0.114753298,111,111,111,111,115
0.115192965,111,117,111,111,115
0.115632633,115,111,115,109,111
0.116072301,111,111,115,111,111
0.116511969,115,117,111,111,119
0.116951637,119,111,111,115,111
0.117391304,119,115,111,115,111
0.117830972,115,115,119,111,119
0.11827064,115,111,119,119,111
0.118710308,121,111,119,119,115
0.119149976,121,111,115,119,119
0.119589643,115,111,119,119,119
0.120029311,119,119,111,119,119
0.120468979,119,119,119,118,119
0.120908647,119,119,119,119,121
0.121348315,119,119,119,119,119
0.121787982,119,119,119,119,119
0.12222765,119,123,119,119,119
0.122667318,119,119,119,119,119
0.123106986,119,119,119,119,123
0.123546654,119,119,123,119,119
0.123986321,119,119,119,119,119
0.124425989,119,123,119,119,123
0.124865657,123,123,123,127,127
0.125305325,119,124,119,119,119
0.125744993,119,119,127,127,123
0.12618466,121,119,127,123,127
0.126624328,123,125,127,127,127
0.127063996,119,123,127,125,123
0.127503664,119,125,119,127,127
0.127943332,127,127,127,125,125
0.128383,127,123,127,127,125
0.128822667,127,123,126,127,127
0.129262335,127,127,127,127,127
0.129702003,127,127,127,127,127
0.130141671,125,127,127,127,127
0.130581339,127,127,127,127,127
0.131021006,127,127,127,127,127
0.131460674,127,127,127,127,127
0.131900342,127,127,127,127,127
0.13234001,127,127,127,127,127
0.132779678,127,127,127,127,127
0.133219345,127,127,127,127,127
0.133659013,127,127,127,127,127
0.134098681,127,127,127,127,127
0.134538349,127,127,127,127,127
0.134978017,127,127,127,127,127
0.135417684,127,127,127,127,127
0.135857352,127,127,127,127,127
0.13629702,127,127,127,127,127
0.136736688,127,127,127,127,127
0.137176356,127,127,127,135,127
0.137616023,127,127,135,127,127
0.138055691,135,127,135,127,127
0.138495359,127,127,127,127,127
0.138935027,135,127,135,127,137
0.139374695,133,127,137,127,127
0.139814362,135,135,127,135,135
0.14025403,133,135,127,127,135
0.140693698,135,135,127,135,127
0.141133366,139,135,134,134,127
0.141573034,135,135,127,127,135
0.142012702,135,137,135,135,127
0.142452369,135,127,139,133,127
0.142892037,139,139,127,139,137
0.143331705,135,139,138,135,137
0.143771373,135,139,135,137,127
0.144211041,138,135,135,137,136
0.144650708,135,135,139,127,139
0.145090376,139,141,136,139,138
0.145530044,133,135,141,135,140
0.145969712,138,140,138,139,139
0.14640938,139,139,142,143,139
0.146849047,141,127,143,141,139
0.147288715,142,138,139,143,142
0.147728383,143,141,143,143,143
0.148168051,143,135,142,139,143
0.148607719,143,141,141,139,141
0.149047386,143,143,143,143,139
0.149487054,142,141,143,143,143
0.149926722,141,143,143,143,143
0.15036639,143,144,139,143,143
0.150806058,143,143,143,143,143
0.151245725,143,150,146,143,141
0.151685393,147,143,147,143,143
0.152125061,147,145,143,145,143
0.152564729,145,142,143,147,147
0.153004397,143,147,143,143,148
0.153444064,147,143,150,141,143
0.153883732,147,149,143,151,149
0.1543234,143,149,143,151,143
0.154763068,146,143,148,143,149
0.155202736,150,145,143,151,147
0.155642404,149,143,149,143,149
0.156082071,149,151,151,151,151
0.156521739,143,151,151,151,151
0.156961407,148,147,145,151,151
0.157401075,151,149,150,149,153
0.157840743,147,151,151,151,151
0.15828041,151,151,151,150,151
0.158720078,151,151,151,153,151
0.159159746,149,151,151,151,143
0.159599414,151,151,151,151,151
0.160039082,155,151,155,151,151
0.160478749,151,151,149,151,149
0.160918417,151,151,151,151,154
0.161358085,151,151,143,149,151
0.161797753,150,143,151,151,155
0.162237421,151,157,151,155,150
0.162677088,151,155,151,151,155
0.163116756,151,155,154,155,155
0.163556424,159,157,157,155,156
0.163996092,156,151,156,155,155
0.16443576,157,151,151,155,155
0.164875427,157,157,155,155,159
0.165315095,159,159,155,159,159
0.165754763,155,158,159,157,159
0.166194431,159,155,151,159,159
0.166634099,159,159,157,159,159
0.167073766,151,159,159,159,159
0.167513434,159,159,159,159,159
0.167953102,159,159,157,159,159
0.16839277,159,159,159,159,159
0.168832438,155,159,159,159,159
0.169272106,159,159,159,159,159
0.169711773,159,157,159,159,159
0.170151441,159,159,159,159,159
0.170591109,159,159,159,159,163
0.171030777,159,159,159,163,159
0.171470445,159,159,165,159,162
0.171910112,159,159,159,159,164
0.17234978,162,159,163,161,159
0.172789448,165,159,167,163,162
0.173229116,159,165,164,165,159
0.173668784,163,167,159,167,163
0.174108451,159,167,166,163,165
0.174548119,165,159,167,159,167
0.174987787,167,163,166,167,166
0.175427455,167,167,167,167,165
0.175867123,167,167,167,167,165
0.17630679,166,167,167,166,165
0.176746458,167,159,167,159,171
0.177186126,167,167,167,166,166
0.177625794,167,168,167,167,167
0.178065462,167,169,167,167,167
0.178505129,159,167,167,169,167
0.178944797,167,163,169,167,167
0.179384465,167,167,167,171,159
0.179824133,170,167,167,167,167
0.180263801,167,171,167,173,170
0.180703468,167,167,169,167,170
0.181143136,167,172,171,173,173
0.181582804,171,171,173,171,171
0.182022472,173,167,170,167,171
0.18246214,173,167,173,171,167
0.182901808,175,171,173,171,173
0.183341475,167,167,175,173,171
0.183781143,171,174,175,171,173
0.184220811,174,171,171,175,171
0.184660479,175,175,175,175,175
0.185100147,175,175,173,175,175
0.185539814,175,175,172,175,171
0.185979482,175,175,174,171,171
0.18641915,173,175,175,175,177
0.186858818,171,173,175,175,175
0.187298486,175,175,175,175,175
0.187738153,175,175,175,175,175
0.188177821,179,175,175,175,179
0.188617489,175,175,175,175,175
0.189057157,175,171,175,182,171
0.189496825,175,175,183,175,181
0.189936492,175,175,175,175,173
0.19037616,175,175,175,175,175
0.190815828,183,179,175,175,179
0.191255496,175,175,183,179,175
0.191695164,183,181,179,179,175
0.192134831,175,171,173,181,183
0.192574499,183,179,173,175,179
0.193014167,183,183,183,183,183
0.193453835,181,175,183,175,183
0.193893503,181,175,183,179,183
0.19433317,183,183,183,179,183
0.194772838,183,183,183,179,183
0.195212506,182,179,183,183,179
0.195652174,183,183,185,182,183
0.196091842,183,183,183,183,183
0.19653151,187,183,183,187,187
0.196971177,183,183,185,183,185
0.197410845,183,187,185,186,183
0.197850513,187,187,183,183,183
0.198290181,183,183,188,183,187
0.198729849,183,187,183,183,185
0.199169516,183,188,187,189,183
0.199609184,187,183,187,187,190
0.200048852,183,191,183,187,183
0.20048852,189,189,187,189,187
0.200928188,183,183,191,191,191
0.201367855,191,191,191,187,187
0.201807523,187,187,191,191,191
0.202247191,191,187,189,191,191
0.202686859,191,191,191,191,191
0.203126527,191,191,191,187,191
0.203566194,191,191,191,191,191
0.204005862,191,191,191,191,191
0.20444553,191,191,191,191,191
0.204885198,191,191,191,191,191
0.205324866,191,191,191,191,191
0.205764533,191,191,191,191,191
0.206204201,191,191,191,191,191
0.206643869,191,187,191,191,191
0.207083537,191,191,191,191,191
0.207523205,191,191,191,191,191
0.207962872,191,191,199,191,191
0.20840254,191,191,191,191,191
0.208842208,193,191,191,191,191
0.209281876,191,191,197,191,191
0.209721544,191,191,191,191,191
0.210161212,191,191,199,191,191
0.210600879,191,191,196,191,191
0.211040547,191,191,191,199,198
0.211480215,199,191,191,191,199
0.211919883,195,195,191,199,191
0.212359551,199,191,191,191,191
0.212799218,199,198,197,191,199
0.213238886,199,195,191,199,200
0.213678554,191,201,191,191,191
0.214118222,191,191,191,191,191
0.21455789,199,199,199,199,191
0.214997557,191,191,199,199,191
0.215437225,203,199,199,199,191
0.215876893,191,203,191,203,198
0.216316561,191,201,200,198,199
0.216756229,201,191,201,199,199
0.217195896,204,199,199,199,202
0.217635564,201,202,201,201,191
0.218075232,199,204,203,203,199
0.2185149,200,201,199,203,199
0.218954568,202,203,203,201,205
0.219394235,199,203,203,204,201
0.219833903,199,204,203,203,203
0.220273571,203,199,201,201,204
0.220713239,199,205,206,205,203
0.221152907,201,206,205,206,207
0.221592574,207,205,203,205,205
0.222032242,206,207,205,195,199
0.22247191,199,199,199,201,191
0.222911578,199,199,199,199,199
0.223351246,199,199,191,203,205
0.223790914,203,203,207,207,207
0.224230581,207,207,207,207,207
0.224670249,207,207,203,207,203
0.225109917,207,207,207,207,209
0.225549585,205,207,207,207,206
0.225989253,207,207,207,207,207
0.22642892,207,207,207,207,207
0.226868588,207,207,207,207,207
0.227308256,207,207,207,207,203
0.227747924,207,207,213,207,207
0.228187592,207,207,211,207,213
0.228627259,207,209,207,211,207
0.229066927,214,207,215,207,213
0.229506595,207,215,215,215,215
0.229946263,211,214,214,209,213
0.230385931,207,207,207,214,214
0.230825598,215,215,215,207,215
0.231265266,215,215,215,223,215
0.231704934,214,211,203,207,215
0.232144602,215,215,215,213,207
0.23258427,215,215,215,215,215
0.233023937,219,215,211,211,215
0.233463605,211,215,215,217,215
0.233903273,215,215,215,217,215
0.234342941,219,215,207,215,218
0.234782609,215,215,217,219,219
0.235222277,207,215,217,215,215
0.235661944,219,215,215,215,217
0.236101612,219,215,219,219,218
0.23654128,215,219,219,215,215
0.236980948,215,215,220,215,221
0.237420616,215,219,223,222,215
0.237860283,215,219,219,219,219
0.238299951,215,219,220,219,219
0.238739619,220,219,219,223,219
0.239179287,222,223,219,219,215
0.239618955,223,223,222,222,221
0.240058622,219,223,223,221,223
0.24049829,223,219,223,222,223
0.240937958,223,223,223,223,222
0.241377626,223,223,223,223,219
0.241817294,223,223,223,223,223
0.242256961,223,223,223,221,223
0.242696629,223,223,223,223,223
0.243136297,223,223,223,223,223
0.243575965,223,223,223,222,223
0.244015633,223,223,223,223,228
0.2444553,223,223,223,223,223
0.244894968,223,223,223,223,229
0.245334636,223,223,223,223,227
0.245774304,223,223,223,223,228
0.246213972,223,230,223,223,223
0.246653639,231,223,231,231,223
0.247093307,231,223,229,223,223
0.247532975,223,223,231,227,223
0.247972643,223,227,229,229,227
0.248412311,223,223,230,229,223
0.248851979,231,223,231,219,227
0.249291646,223,231,229,223,231
0.249731314,227,231,231,231,231
0.250170982,231,231,231,233,231
0.25061065,231,231,231,231,231
0.251050318,231,233,231,231,231
0.251489985,231,223,231,231,231
0.251929653,231,233,231,231,231
0.252369321,231,223,235,231,231
0.252808989,231,231,231,231,231
0.253248657,231,231,231,235,231
0.253688324,231,231,233,231,235
0.254127992,231,231,235,233,231
0.25456766,231,231,235,231,235
0.255007328,235,238,235,235,231
0.255446996,237,231,237,231,235
0.255886663,239,231,235,237,235
0.256326331,238,235,235,231,235
0.256765999,235,237,237,237,237
0.257205667,231,237,239,239,239
0.257645335,235,235,239,239,239
0.258085002,239,235,239,239,239
0.25852467,237,239,237,231,239
0.258964338,239,239,239,237,239
0.259404006,239,237,239,235,239
0.259843674,239,239,239,239,239
0.260283341,239,239,239,239,239
0.260723009,239,239,239,239,239
0.261162677,239,239,239,239,239
0.261602345,246,239,239,239,239
0.262042013,239,239,239,239,239
0.262481681,239,237,239,239,245
0.262921348,239,239,243,243,239
0.263361016,243,239,239,239,239
0.263800684,243,239,242,243,239
0.264240352,239,239,243,239,239
0.26468002,243,239,239,239,239
0.265119687,239,247,247,243,247
0.265559355,247,239,243,239,247
0.265999023,239,243,239,245,245
0.266438691,244,239,247,239,247
0.266878359,247,246,245,247,247
0.267318026,247,247,247,247,247
0.267757694,247,246,247,247,247
0.268197362,247,247,239,247,247
0.26863703,247,247,247,247,247
0.269076698,239,247,247,245,239
0.269516365,247,247,247,247,251
0.269956033,247,247,247,247,247
0.270395701,239,247,243,247,247
0.270835369,249,248,243,247,247
0.271275037,247,247,251,247,251
0.271714704,247,247,251,251,247
0.272154372,247,247,249,250,247
0.27259404,247,247,251,247,251
0.273033708,247,247,247,247,251
0.273473376,255,253,247,251,249
0.273913043,251,253,247,249,247
0.274352711,253,251,251,252,247
0.274792379,254,251,254,247,251
0.275232047,251,255,251,251,247
0.275671715,247,255,253,255,251
0.276111383,253,251,247,255,253
0.27655105,253,255,255,251,255
0.276990718,255,251,251,255,255
0.277430386,251,255,253,254,255
0.277870054,255,255,255,247,255
0.278309722,255,255,255,251,255
0.278749389,255,255,255,255,255
0.279189057,255,255,255,255,255
0.279628725,255,255,255,255,255
0.280068393,255,255,255,255,255
0.280508061,255,255,255,255,255
0.280947728,255,255,255,255,255
0.281387396,255,255,255,255,255
0.281827064,255,255,255,255,255
0.282266732,255,255,255,255,255
0.2827064,255,255,255,255,255
0.283146067,255,255,255,255,255
0.283585735,255,255,255,255,255
0.284025403,255,255,255,255,255
0.284465071,255,255,255,255,255
0.284904739,255,255,255,255,255
0.285344406,255,255,255,255,255
0.285784074,255,255,255,255,255
0.286223742,255,255,255,255,255
0.28666341,255,255,255,255,255
0.287103078,255,255,255,255,255
0.287542745,255,255,255,255,255
0.287982413,255,255,255,255,255
0.288422081,255,255,255,255,255
0.288861749,255,255,255,255,255
0.289301417,255,255,255,255,255
0.289741085,255,255,255,255,255
0.290180752,255,255,255,255,255
0.29062042,255,255,255,255,255
0.291060088,255,255,255,255,255
0.291499756,263,255,255,255,255
0.291939424,255,255,255,255,255
0.292379091,255,255,255,255,267
0.292818759,255,255,266,255,255
0.293258427,255,269,255,255,255
0.293698095,255,267,255,255,255
0.294137763,255,268,255,267,255
0.29457743,255,271,255,255,255
0.295017098,255,255,255,255,255
0.295456766,255,255,255,255,255
0.295896434,255,255,271,267,269
0.296336102,255,271,255,255,269
0.296775769,265,255,263,267,255
0.297215437,268,255,271,267,263
0.297655105,267,267,265,268,267
0.298094773,255,271,255,271,255
0.298534441,271,255,271,255,267
0.298974108,269,267,270,255,271
0.299413776,268,267,267,267,269
0.299853444,270,255,271,271,271
0.300293112,267,269,271,270,271
0.30073278,271,255,275,271,269
0.301172447,271,271,255,271,271
0.301612115,271,271,271,271,271
0.302051783,271,271,274,269,271
0.302491451,271,271,273,269,271
0.302931119,275,271,271,271,275
0.303370787,271,269,271,271,273
0.303810454,271,271,275,271,276
0.304250122,271,267,271,275,271
0.30468979,275,271,273,271,277
0.305129458,275,274,271,274,275
0.305569126,271,276,271,271,279
0.306008793,279,277,274,271,275
0.306448461,275,276,276,271,271
0.306888129,278,279,278,271,275
0.307327797,273,275,275,271,276
0.307767465,275,271,277,279,277
0.308207132,279,277,271,277,278
0.3086468,275,275,275,275,279
0.309086468,271,278,277,278,276
0.309526136,275,275,279,277,277
0.309965804,275,277,277,274,279
0.310405471,279,279,281,279,279
0.310845139,279,279,279,279,282
0.311284807,282,277,279,277,279
0.311724475,278,279,279,279,284
0.312164143,281,279,281,280,279
0.31260381,279,283,277,279,279
0.313043478,283,282,277,279,283
0.313483146,279,279,279,279,281
0.313922814,283,283,279,279,279
0.314362482,281,283,283,284,283
0.314802149,279,285,285,283,281
0.315241817,283,284,283,285,287
0.315681485,283,285,285,283,285
0.316121153,283,283,285,283,283
0.316560821,283,285,285,283,287
0.317000489,285,282,285,283,287
0.317440156,285,283,283,285,283
0.317879824,287,287,283,285,285
0.318319492,283,285,287,287,285
0.31875916,287,287,287,287,287
0.319198828,283,287,287,287,279
0.319638495,287,285,287,287,287
0.320078163,287,287,286,283,287
0.320517831,291,289,287,291,287
0.320957499,287,287,289,285,291
0.321397167,287,287,287,287,287
0.321836834,287,287,287,288,290
0.322276502,287,287,287,291,287
0.32271617,291,287,287,287,290
0.323155838,287,287,287,292,291
0.323595506,291,293,290,287,291
0.324035173,292,289,291,291,283
0.324474841,284,287,294,294,295
0.324914509,293,294,291,291,295
0.325354177,291,287,293,293,293
0.325793845,295,293,291,289,292
0.326233512,290,292,291,291,294
0.32667318,293,287,291,291,292
0.327112848,291,295,294,294,294
0.327552516,293,293,295,293,294
0.327992184,294,293,295,287,289
0.328431851,287,291,291,294,293
0.328871519,295,295,296,293,294
0.329311187,295,295,295,295,293
0.329750855,295,297,295,293,295
0.330190523,295,295,295,295,295
0.330630191,295,287,299,296,295
0.331069858,295,300,296,297,298
0.331509526,295,295,298,295,299
0.331949194,295,299,299,298,300
0.332388862,297,295,299,295,295
0.33282853,299,299,301,299,295
0.333268197,301,298,300,298,300
0.333707865,300,300,298,302,299
0.334147533,299,301,295,303,299
0.334587201,299,299,301,299,295
0.335026869,301,299,295,301,299
0.335466536,303,303,301,301,303
0.335906204,302,303,304,299,303
0.336345872,303,301,297,299,303
0.33678554,303,303,303,299,303
0.337225208,303,303,303,303,303
0.337664875,303,303,303,303,299
0.338104543,303,303,303,303,303
0.338544211,303,303,303,303,305
0.338983879,303,303,309,305,303
0.339423547,299,303,307,303,303
0.339863214,303,308,305,303,309
0.340302882,303,305,303,305,303
0.34074255,303,309,303,303,302
0.341182218,303,303,311,303,303
0.341621886,310,309,303,308,308
0.342061553,303,309,311,307,307
0.342501221,303,311,311,303,307
0.342940889,307,307,307,307,303
0.343380557,313,305,303,307,310
0.343820225,303,311,311,303,311
0.344259893,307,303,314,303,307
0.34469956,303,311,309,311,311
0.345139228,309,311,311,307,311
0.345578896,311,311,311,311,311
0.346018564,311,309,311,310,307
0.346458232,309,311,311,311,311
0.346897899,311,311,311,311,315
0.347337567,311,311,311,315,311
0.347777235,311,314,315,313,312
0.348216903,311,311,311,311,316
0.348656571,311,311,311,311,311
0.349096238,311,311,311,311,311
0.349535906,311,311,315,315,311
0.349975574,315,315,315,314,315
0.350415242,316,311,315,316,309
0.35085491,316,314,311,311,311
0.351294577,311,315,311,315,315
0.351734245,319,315,315,317,315
0.352173913,314,318,315,311,319
0.352613581,319,317,319,315,316
0.353053249,315,319,317,315,317
0.353492916,315,319,319,319,319
0.353932584,319,319,319,318,318
0.354372252,319,319,319,319,315
0.35481192,319,319,319,319,317
0.355251588,319,319,319,319,319
0.355691255,311,311,313,317,311
0.356130923,319,317,315,311,315
0.356570591,311,315,319,319,319
0.357010259,315,319,319,319,319
0.357449927,319,319,315,319,319
0.357889595,319,319,319,319,319
0.358329262,319,319,319,319,319
0.35876893,319,319,319,319,318
0.359208598,319,319,319,319,319
0.359648266,318,319,319,319,319
0.360087934,319,319,319,319,319
0.360527601,319,319,319,319,327
0.360967269,319,319,324,318,319
0.361406937,319,319,319,319,319
0.361846605,319,319,319,319,325
0.362286273,319,319,327,319,325
0.36272594,319,319,319,319,319
0.363165608,319,319,319,319,319
0.363605276,319,319,330,323,319
0.364044944,319,326,319,319,319
0.364484612,327,319,319,319,329
0.364924279,319,319,319,327,319
0.365363947,327,319,327,319,327
0.365803615,319,327,319,327,327
0.366243283,319,327,319,327,327
0.366682951,327,319,327,319,327
0.367122618,329,319,319,329,327
0.367562286,327,331,327,330,319
0.368001954,319,330,328,319,331
0.368441622,327,319,327,330,327
0.36888129,319,327,329,327,327
0.369320957,327,331,319,331,329
0.369760625,327,327,327,331,330
0.370200293,329,327,329,327,327
0.370639961,331,334,334,331,323
0.371079629,327,327,331,334,330
0.371519297,331,333,333,332,327
0.371958964,330,330,327,329,331
0.372398632,327,334,331,327,333
0.3728383,332,334,335,331,331
0.373277968,331,327,331,334,333
0.373717636,331,333,335,334,330
0.374157303,333,335,335,335,335
0.374596971,335,333,333,332,335
0.375036639,335,331,335,331,335
0.375476307,332,331,335,335,335
0.375915975,335,335,331,337,334
0.376355642,335,335,333,335,338
0.37679531,335,333,335,339,333
0.377234978,331,335,338,331,335
0.377674646,339,335,335,338,335
0.378114314,335,335,339,335,335
0.378553981,339,338,335,335,335
0.378993649,339,335,335,335,343
0.379433317,339,335,339,335,335
0.379872985,339,342,340,335,339
0.380312653,339,335,339,337,339
0.38075232,339,335,335,343,341
0.381191988,339,342,339,339,335
0.381631656,342,341,335,335,339
0.382071324,335,341,343,342,339
0.382510992,343,341,341,343,343
0.38295066,339,341,343,343,342
0.383390327,339,343,343,342,343
0.383829995,339,341,343,343,343
0.384269663,343,343,339,341,343
0.384709331,343,343,343,343,343
0.385148999,343,343,343,343,343
0.385588666,343,343,343,343,343
0.386028334,341,343,343,347,343
0.386468002,343,347,343,343,343
0.38690767,347,345,343,343,348
0.387347338,339,347,347,347,343
0.387787005,343,347,347,341,343
0.388226673,343,347,343,343,347
0.388666341,347,346,343,343,350
0.389106009,348,347,349,349,347
0.389545677,346,347,347,349,343
0.389985344,343,343,347,347,347
0.390425012,343,347,343,347,343
0.39086468,349,349,349,349,351
0.391304348,347,347,350,351,351
0.391744016,347,347,351,351,351
0.392183683,343,351,355,347,347
0.392623351,351,347,349,347,347
0.393063019,351,351,345,350,351
0.393502687,351,349,351,351,351
0.393942355,351,351,351,351,351
0.394382022,351,351,351,351,351
0.39482169,351,351,351,351,351
0.395261358,353,351,351,351,351
0.395701026,351,357,351,357,351
0.396140694,351,351,351,356,351
0.396580362,355,351,351,355,353
0.397020029,351,351,356,347,357
0.397459697,355,351,359,351,355
0.397899365,355,351,351,351,351
0.398339033,355,355,351,357,359
0.398778701,356,355,357,351,359
0.399218368,351,351,351,355,351
0.399658036,351,359,351,351,351
0.400097704,351,359,351,351,351
0.400537372,359,359,359,356,358
0.40097704,358,359,359,359,358
0.401416707,359,359,359,357,357
0.401856375,357,359,359,358,355
0.402296043,351,359,358,359,359
0.402735711,359,357,359,363,361
0.403175379,359,359,359,359,360
0.403615046,359,359,358,358,359
0.404054714,359,359,361,359,359
0.404494382,363,359,363,361,359
0.40493405,362,359,360,359,359
0.405373718,359,359,359,363,355
0.405813385,359,359,363,359,359
0.406253053,363,362,359,359,359
0.406692721,359,363,363,359,363
0.407132389,359,363,366,363,366
0.407572057,366,359,359,361,363
0.408011724,361,359,363,363,367
0.408451392,365,364,362,363,363
0.40889106,364,363,362,363,365
0.409330728,363,365,365,363,359
0.409770396,363,367,363,366,363
0.410210064,367,365,367,367,365
0.410649731,367,367,365,367,366
0.411089399,359,365,367,367,367
0.411529067,367,367,367,366,359
0.411968735,367,367,367,367,367
0.412408403,363,367,367,367,367
0.41284807,367,367,367,367,367
0.413287738,367,367,367,367,367
0.413727406,367,367,367,367,367
0.414167074,367,367,367,367,367
0.414606742,367,367,367,371,367
0.415046409,367,365,367,367,367
0.415486077,369,367,367,371,375
0.415925745,371,367,375,367,367
0.416365413,367,367,371,373,371
0.416805081,373,367,373,375,371
0.417244748,367,367,375,375,367
0.417684416,373,370,367,375,367
0.418124084,374,367,372,367,374
0.418563752,371,367,374,367,367
0.41900342,375,375,376,367,371
0.419443087,371,367,373,373,367
0.419882755,375,367,375,375,375
0.420322423,375,367,375,375,375
0.420762091,375,375,375,375,375
0.421201759,379,375,375,375,375
0.421641426,375,375,375,375,375
0.422081094,375,375,375,375,375
0.422520762,376,375,375,375,375
0.42296043,375,375,375,375,375
0.423400098,375,379,375,375,375
0.423839766,375,375,375,381,382
0.424279433,375,375,375,375,375
0.424719101,375,378,379,379,375
0.425158769,375,379,377,377,375
0.425598437,379,379,379,382,375
0.426038105,375,379,379,375,379
0.426477772,381,379,379,379,381
0.42691744,379,375,381,379,381
0.427357108,383,382,379,379,382
0.427796776,379,379,379,383,383
0.428236444,381,375,381,383,383
0.428676111,383,383,383,381,383
0.429115779,383,383,383,381,382
0.429555447,379,383,383,383,383
0.429995115,383,381,383,383,383
0.430434783,383,382,383,383,383
0.43087445,383,379,383,383,383
0.431314118,383,383,383,383,383
0.431753786,379,383,383,383,383
0.432193454,383,383,383,379,383
0.432633122,383,383,383,383,383
0.433072789,383,383,383,383,383
0.433512457,383,383,383,383,383
0.433952125,383,383,383,383,383
0.434391793,383,383,383,383,383
0.434831461,383,383,383,383,383
0.435271128,383,383,383,383,383
0.435710796,383,383,383,383,383
0.436150464,383,383,383,383,383
0.436590132,383,383,383,383,383
0.4370298,383,383,383,383,383
0.437469468,383,383,383,383,383
0.437909135,383,383,391,383,391
0.438348803,383,383,383,383,383
0.438788471,388,383,383,383,383
0.439228139,383,383,394,383,383
0.439667807,395,391,383,391,383
0.440107474,391,391,383,383,391
0.440547142,383,393,383,391,383
0.44098681,391,383,383,383,383
0.441426478,391,391,391,391,383
0.441866146,395,387,391,391,390
0.442305813,391,383,383,395,383
0.442745481,393,390,383,394,383
0.443185149,383,391,391,395,383
0.443624817,391,391,391,395,394
0.444064485,392,391,396,383,395
0.444504152,393,391,395,391,394
0.44494382,392,394,394,391,391
0.445383488,391,383,397,396,396
0.445823156,391,394,393,395,394
0.446262824,394,394,396,391,396
0.446702491,393,397,394,392,391
0.447142159,395,395,396,395,394
0.447581827,393,393,394,394,394
0.448021495,395,396,399,396,397
0.448461163,398,396,392,395,395
0.44890083,398,395,397,393,399
0.449340498,393,398,395,398,398
0.449780166,399,399,399,399,398
0.450219834,399,399,399,398,402
0.450659502,397,399,399,399,399
0.45109917,403,398,395,399,399
0.451538837,398,399,399,399,401
0.451978505,395,398,399,399,398
0.452418173,398,399,399,402,399
0.452857841,399,402,402,399,400
0.453297509,397,399,397,399,403
0.453737176,403,399,399,403,399
0.454176844,404,399,399,402,401
0.454616512,399,405,399,403,399
0.45505618,403,399,403,403,403
0.455495848,403,399,403,403,403
0.455935515,405,403,403,406,403
0.456375183,399,405,403,402,399
0.456814851,403,407,405,407,403
0.457254519,406,403,403,405,403
0.457694187,399,407,407,403,406
0.458133854,399,403,399,406,407
0.458573522,407,403,399,407,407
0.45901319,407,407,405,405,403
0.459452858,407,405,405,407,407
0.459892526,407,407,407,407,407
0.460332193,407,407,407,408,407
0.460771861,407,407,409,407,407
0.461211529,409,407,410,407,411
0.461651197,407,407,409,407,407
0.462090865,411,411,409,411,409
0.462530532,410,409,409,407,407
0.4629702,407,407,410,407,407
0.463409868,409,409,414,411,407
0.463849536,411,411,409,411,407
0.464289204,411,407,411,409,411
0.464728872,407,411,413,411,411
0.465168539,412,412,413,407,411
0.465608207,415,411,411,414,411
0.466047875,411,411,413,411,415
0.466487543,415,415,415,415,414
0.466927211,411,415,414,415,415
0.467366878,415,407,413,414,411
0.467806546,414,411,414,414,413
0.468246214,415,413,415,413,411
0.468685882,415,411,415,415,413
0.46912555,413,411,415,415,415
0.469565217,415,415,415,415,415
0.470004885,415,415,415,419,419
0.470444553,415,422,415,415,415
0.470884221,415,419,415,417,411
0.471323889,415,415,415,415,415
0.471763556,415,415,415,415,415
0.472203224,418,413,415,419,420
0.472642892,414,415,419,415,415
0.47308256,415,415,419,414,415
0.473522228,419,415,422,419,415
0.473961895,420,415,415,423,419
0.474401563,421,415,422,416,415
0.474841231,415,421,417,415,423
0.475280899,421,423,423,422,423
0.475720567,419,415,423,415,423
0.476160234,423,422,421,415,415
0.476599902,420,421,422,423,415
0.47703957,415,419,422,421,421
0.477479238,423,423,426,415,419
0.477918906,418,417,419,423,422
0.478358574,423,423,423,423,423
0.478798241,423,423,423,423,422
0.479237909,425,419,423,422,423
0.479677577,423,423,423,423,419
0.480117245,425,423,425,422,423
0.480556913,424,423,423,427,423
0.48099658,427,423,426,427,427
0.481436248,423,423,425,423,423
0.481875916,426,425,427,427,427
0.482315584,425,423,427,423,427
0.482755252,425,423,427,429,427
0.483194919,423,425,427,427,427
0.483634587,429,424,423,428,427
0.484074255,423,427,425,427,427
0.484513923,427,431,427,431,431
0.484953591,431,431,431,431,429
0.485393258,427,430,429,431,430
0.485832926,429,429,430,427,431
0.486272594,431,431,429,431,431
0.486712262,430,431,428,431,427
0.48715193,427,427,430,431,431
0.487591597,431,427,431,429,427
0.488031265,431,431,431,431,435
0.488470933,431,431,435,431,431
0.488910601,431,435,434,431,431
0.489350269,434,431,435,431,431
0.489789936,431,435,433,431,431
0.490229604,436,435,431,435,431
0.490669272,435,431,431,434,431
0.49110894,431,431,435,435,433
0.491548608,431,439,435,431,431
0.491988276,435,431,431,434,434
0.492427943,431,435,435,435,431
0.492867611,439,435,431,439,438
0.493307279,431,435,439,431,437
0.493746947,439,439,435,439,433
0.494186615,435,436,435,439,438
0.494626282,439,437,439,439,441
0.49506595,435,437,435,439,442
0.495505618,438,439,439,434,431
0.495945286,431,431,431,429,431
0.496384954,431,435,431,431,431
0.496824621,431,431,431,439,439
0.497264289,439,442,439,439,439
0.497703957,441,439,439,439,439
0.498143625,439,437,439,439,439
0.498583293,439,439,439,439,439
0.49902296,442,442,439,439,439
0.499462628,443,442,439,439,439
0.499902296,444,439,443,442,439
0.500341964,439,445,439,443,439
0.500781632,441,439,443,443,439
0.501221299,441,443,446,447,443
0.501660967,441,444,445,439,443
0.502100635,439,443,442,443,445
0.502540303,445,443,443,443,446
0.502979971,444,443,445,445,443
0.503419638,443,446,447,445,445
0.503859306,447,447,446,447,447
0.504298974,447,447,443,447,447
0.504738642,447,447,443,447,447
0.50517831,447,447,447,447,447
0.505617978,443,443,446,445,447
0.506057645,447,447,447,447,447
0.506497313,447,447,447,447,447
0.506936981,447,447,447,447,447
0.507376649,447,447,447,447,447
0.507816317,447,447,447,447,447
0.508255984,447,447,447,447,447
0.508695652,447,447,447,447,447
0.50913532,447,447,447,447,447
0.509574988,447,447,447,447,447
0.510014656,447,447,447,447,447
0.510454323,447,447,455,447,447
0.510893991,447,447,447,447,447
0.511333659,447,447,447,447,447
0.511773327,447,447,447,453,447
0.512212995,447,447,447,447,447
0.512652662,447,447,447,447,447
0.51309233,447,447,447,447,447
0.513531998,447,447,447,447,447
0.513971666,447,447,447,455,447
0.514411334,451,447,447,447,455
0.514851001,453,447,447,455,455
0.515290669,447,455,455,447,455
0.515730337,454,447,455,455,455
0.516170005,447,447,455,447,447
0.516609673,458,447,447,447,447
0.51704934,457,455,455,447,455
0.517489008,447,455,458,454,455
0.517928676,455,447,456,455,455
0.518368344,455,457,455,458,455
0.518808012,458,460,455,458,455
0.51924768,457,455,455,455,459
0.519687347,455,455,459,460,457
0.520127015,459,460,455,460,455
0.520566683,459,459,459,457,459
0.521006351,455,459,459,459,459
0.521446019,461,459,458,458,459
0.521885686,456,454,459,459,459
0.522325354,462,459,459,463,463
0.522765022,459,459,461,459,455
0.52320469,455,461,461,462,461
0.523644358,461,460,460,461,459
0.524084025,461,461,463,463,463
0.524523693,463,459,463,463,463
0.524963361,461,463,463,464,461
0.525403029,463,463,463,463,463
0.525842697,463,463,463,463,467
0.526282364,463,463,463,463,462
0.526722032,463,467,463,468,463
0.5271617,463,463,463,466,462
0.527601368,463,463,467,463,467
0.528041036,463,466,463,465,462
0.528480703,463,463,465,463,463
0.528920371,466,463,468,462,463
0.529360039,470,463,469,463,468
0.529799707,463,471,469,471,463
0.530239375,467,470,470,463,463
0.530679043,469,463,463,463,467
0.53111871,463,468,470,463,471
0.531558378,467,467,469,467,468
0.531998046,463,467,468,467,469
0.532437714,471,469,463,471,471
0.532877382,470,467,468,465,469
0.533317049,469,463,467,467,471
0.533756717,470,467,469,471,468
0.534196385,470,463,471,469,463
0.534636053,463,465,463,467,463
0.535075721,463,467,463,463,461
0.535515388,463,471,471,471,471
0.535955056,471,471,475,471,475
0.536394724,471,471,474,471,475
0.536834392,474,471,471,471,471
0.53727406,476,470,473,467,470
0.537713727,471,471,475,472,463
0.538153395,475,471,471,471,475
0.538593063,475,474,475,475,475
0.539032731,473,475,475,475,471
0.539472399,475,475,475,475,476
0.539912066,477,476,477,477,477
0.540351734,475,475,471,476,471
0.540791402,471,478,479,479,479
0.54123107,475,479,479,479,479
0.541670738,478,479,479,479,478
0.542110405,475,479,479,479,479
0.542550073,477,479,479,475,478
0.542989741,477,477,479,479,477
0.543429409,481,479,479,479,479
0.543869077,479,479,479,479,475
0.544308745,475,475,471,475,475
0.544748412,477,478,475,475,479
0.54518808,479,483,479,479,479
0.545627748,479,479,479,479,479
0.546067416,478,479,487,479,479
0.546507084,479,479,483,479,479
0.546946751,483,483,479,486,479
0.547386419,479,479,479,479,479
0.547826087,487,487,479,483,485
0.548265755,484,479,484,483,485
0.548705423,479,479,484,483,483
0.54914509,479,487,486,479,486
0.549584758,486,483,485,487,487
0.550024426,487,483,487,485,487
0.550464094,485,483,487,490,486
0.550903762,485,483,485,487,489
0.551343429,483,488,487,479,479
0.551783097,487,485,488,487,486
0.552222765,483,487,487,487,487
0.552662433,487,487,487,483,487
0.553102101,489,486,486,487,487
0.553541768,487,487,487,487,491
0.553981436,487,487,491,492,489
0.554421104,487,493,487,487,489
0.554860772,490,492,491,488,490
0.55530044,487,491,492,487,491
0.555740107,491,491,491,492,487
0.556179775,491,487,491,491,491
0.556619443,492,491,487,491,491
0.557059111,493,491,491,491,491
0.557498779,493,493,495,495,495
0.557938447,495,493,494,495,495
0.558378114,495,495,495,493,491
0.558817782,495,495,491,495,495
0.55925745,495,491,494,494,495
0.559697118,495,495,495,495,495
0.560136786,495,493,495,495,493
0.560576453,495,491,495,495,495
0.561016121,495,493,491,495,495
0.561455789,495,495,495,495,495
0.561895457,495,495,495,495,495
0.562335125,495,495,495,495,495
0.562774792,495,495,495,495,495
0.56321446,495,499,495,495,494
0.563654128,495,495,499,495,495
0.564093796,495,495,495,502,499
0.564533464,499,501,499,503,495
0.564973131,499,499,495,499,495
0.565412799,495,495,495,499,503
0.565852467,503,503,503,495,503
0.566292135,501,495,495,495,502
0.566731803,495,502,499,499,495
0.56717147,503,503,501,495,503
0.567611138,501,495,503,501,499
0.568050806,499,495,501,495,503
0.568490474,504,503,503,501,503
0.568930142,503,503,503,503,503
0.569369809,503,503,503,502,503
0.569809477,503,503,503,503,503
0.570249145,503,503,503,503,503
0.570688813,503,503,503,503,505
0.571128481,503,506,503,503,503
0.571568149,507,505,503,507,503
0.572007816,503,503,505,503,505
0.572447484,503,507,503,503,507
0.572887152,508,503,507,506,507
0.57332682,509,509,503,507,507
0.573766488,507,511,511,511,507
0.574206155,508,503,507,510,507
0.574645823,507,509,507,503,507
0.575085491,507,511,503,509,510
0.575525159,507,511,511,511,507
0.575964827,503,510,507,511,511
0.576404494,510,507,511,510,511
0.576844162,511,511,511,511,507
0.57728383,511,511,511,511,510
0.577723498,511,511,511,507,511
0.578163166,511,511,510,509,509
0.578602833,511,507,511,511,511
0.579042501,511,507,511,511,511
0.579482169,511,511,511,511,511
0.579921837,511,511,511,511,511
0.580361505,509,511,511,511,511
0.580801172,511,511,511,511,511
0.58124084,511,511,511,511,511
0.581680508,511,511,511,511,511
0.582120176,511,511,511,511,511
0.582559844,511,511,511,511,511
0.582999511,511,511,511,511,511
0.583439179,511,511,511,511,511
0.583878847,511,511,511,511,511
0.584318515,511,511,511,511,511
0.584758183,511,511,511,511,511
0.585197851,511,507,511,511,511
0.585637518,511,511,511,511,511
0.586077186,511,511,511,511,511
0.586516854,511,511,511,511,511
0.586956522,511,511,511,511,511
0.58739619,511,511,511,511,511
0.587835857,511,511,511,511,511
0.588275525,511,511,511,511,511
0.588715193,511,511,511,511,511
0.589154861,511,511,511,511,511
0.589594529,511,511,511,511,511
0.590034196,511,511,511,511,511
0.590473864,511,511,511,511,511
0.590913532,511,511,511,511,511
0.5913532,511,511,511,511,511
0.591792868,511,511,511,511,511
0.592232535,511,511,511,511,511
0.592672203,511,511,511,511,511
0.593111871,511,511,511,511,511
0.593551539,511,511,511,511,511
0.593991207,511,511,511,511,511
0.594430874,511,511,511,511,511
0.594870542,511,511,511,511,511
0.59531021,511,511,511,511,511
0.595749878,511,11,505,511,511
0.596189546,12,503,511,511,511
0.596629213,14,505,511,11,503
0.597068881,511,12,503,511,15
0.597508549,503,511,511,11,503
0.597948217,511,511,511,14,503
0.598387885,511,13,504,511,13
0.598827553,503,511,15,506,511
0.59926722,14,503,511,15,507
0.599706888,13,503,511,511,11
0.600146556,505,511,511,12,503
0.600586224,511,13,508,7,506
0.601025892,511,15,508,11,507
0.601465559,11,507,13,503,511
0.601905227,15,507,511,511,511
0.602344895,511,511,511,511,9
0.602784563,503,15,508,13,509
0.603224231,15,511,15,507,11
0.603663898,507,13,507,14,507
0.604103566,14,510,11,509,13
0.604543234,507,15,507,19,507
0.604982902,13,507,15,506,511
0.60542257,21,509,15,511,15
0.605862237,511,19,507,18,510
0.606301905,17,511,18,495,511
0.606741573,14,503,511,13,503
0.607181241,511,13,506,511,511
0.607620909,13,511,21,507,18
0.608060576,511,21,511,20,511
0.608500244,19,511,23,511,19
0.608939912,511,22,511,20,511
0.60937958,19,511,21,511,22
0.609819248,511,19,511,19,511
0.610258915,21,510,23,509,22
0.610698583,511,23,511,22,511
0.611138251,19,511,20,511,23
0.611577919,511,23,511,22,511
0.612017587,23,511,23,509,23
0.612457255,511,19,511,23,511
0.612896922,23,511,23,511,23
0.61333659,511,23,511,23,511
0.613776258,25,511,23,511,25
0.614215926,511,24,511,24,511
0.614655594,23,511,23,511,22
0.615095261,511,26,511,23,511
0.615534929,23,511,23,511,23
0.615974597,511,23,511,23,511
0.616414265,23,511,27,511,23
0.616853933,511,27,511,27,511
0.6172936,23,511,27,511,23
0.617733268,511,23,511,27,511
0.618172936,27,511,28,511,27
0.618612604,511,25,511,23,511
0.619052272,27,511,30,511,26
0.619491939,511,23,511,27,511
0.619931607,29,511,29,511,29
0.620371275,511,28,511,26,511
0.620810943,28,511,23,511,28
0.621250611,511,29,511,27,511
0.621690278,27,511,30,511,23
0.622129946,511,25,511,31,511
0.622569614,27,511,19,511,25
0.623009282,511,23,511,25,511
0.62344895,30,511,31,511,31
0.623888617,511,27,511,31,511
0.624328285,31,511,30,511,33
0.624767953,511,33,511,31,511
0.625207621,31,511,29,511,33
0.625647289,511,27,511,31,511
0.626086957,31,511,31,511,31
0.626526624,511,31,511,31,511
0.626966292,31,511,35,511,31
0.62740596,511,31,511,33,511
0.627845628,34,511,31,511,35
0.628285296,511,35,511,35,511
0.628724963,36,511,37,511,31
0.629164631,511,38,511,35,511
0.629604299,31,511,35,511,39
0.630043967,10,511,34,511,35
0.630483635,511,37,11,511,34
0.630923302,511,38,511,40,511
0.63136297,31,511,35,511,33
0.631802638,511,39,511,39,511
0.632242306,35,511,35,511,35
0.632681974,511,36,511,36,511
0.633121641,35,511,37,511,38
0.633561309,511,35,511,39,511
0.634000977,35,9,511,39,511
0.634440645,40,11,511,39,10
0.634880313,511,39,511,39,13
0.63531998,511,39,13,511,35
0.635759648,511,39,511,39,13
0.636199316,511,39,11,511,40
0.636638984,10,511,39,511,41
0.637078652,14,511,42,13,511
0.637518319,42,511,42,14,511
0.637957987,43,15,511,37,15
0.638397655,511,41,13,511,40
0.638837323,11,511,42,13,10
0.639276991,511,42,511,39,15
0.639716659,511,42,15,511,43
0.640156326,15,13,511,42,15
0.640595994,511,39,16,12,511
0.641035662,39,11,511,44,20
0.64147533,14,511,43,19,511
0.641914998,42,17,511,45,15
0.642354665,511,44,15,511,46
0.642794333,19,11,11,13,12
0.643234001,12,12,11,14,11
0.643673669,511,44,15,511,45
0.644113337,15,511,46,19,14
0.644553004,511,44,18,14,14
0.644992672,13,14,12,14,13
0.64543234,11,14,14,14,13
0.645872008,13,11,11,14,13
0.646311676,7,13,11,15,15
0.646751343,13,15,15,15,14
0.647191011,14,15,15,15,15
0.647630679,11,13,12,15,15
0.648070347,18,10,15,13,19
0.648510015,15,15,15,15,15
0.648949682,15,511,45,15,17
0.64938935,15,15,15,16,15
0.649829018,15,13,511,47,21
0.650268686,17,16,14,15,15
0.650708354,15,15,15,15,15
0.651148021,15,15,15,18,15
0.651587689,15,15,15,15,15
0.652027357,17,15,15,17,15
0.652467025,17,14,18,15,19
0.652906693,11,18,17,18,15
0.653346361,21,18,19,20,15
0.653786028,19,19,21,20,17
0.654225696,15,19,18,16,18
0.654665364,19,15,17,16,17
0.655105032,17,15,15,19,20
0.6555447,18,20,20,15,22
0.655984367,15,19,21,18,15
0.656424035,16,18,19,19,22
0.656863703,18,18,17,20,18
0.657303371,18,18,21,22,21
0.657743039,21,21,22,19,23
0.658182706,21,19,22,22,19
0.658622374,19,18,21,22,23
0.659062042,20,20,21,21,19
0.65950171,21,23,17,20,22
0.659941378,21,21,21,20,22
0.660381045,15,23,24,22,23
0.660820713,23,22,23,23,23
0.661260381,23,22,19,17,21
0.661700049,24,23,23,23,23
0.662139717,24,23,24,23,24
0.662579384,24,21,21,23,21
0.663019052,23,22,23,23,24
0.66345872,23,23,23,22,19
0.663898388,23,23,23,23,22
0.664338056,15,21,26,23,19
0.664777723,22,22,23,23,23
0.665217391,23,24,23,23,21
0.665657059,23,24,23,25,23
0.666096727,23,23,23,23,23
0.666536395,23,23,25,23,23
0.666976063,23,23,23,22,23
0.66741573,23,23,23,25,27
0.667855398,24,25,23,23,27
0.668295066,25,25,25,27,23
0.668734734,24,27,27,27,26
0.669174402,23,23,27,25,24
0.669614069,27,25,19,24,26
0.670053737,27,23,23,26,23
0.670493405,23,27,28,23,23
0.670933073,27,29,28,27,26
0.671372741,23,27,29,29,24
0.671812408,26,27,25,25,27
0.672252076,30,27,28,23,23
0.672691744,15,21,19,21,23
0.673131412,23,31,27,27,30
0.67357108,27,32,32,27,30
0.674010747,27,30,27,27,29
0.674450415,29,27,31,31,31
0.674890083,31,30,31,30,30
0.675329751,31,31,23,27,30
0.675769419,30,33,29,29,30
0.676209086,26,28,29,29,28
0.676648754,28,29,29,29,31
0.677088422,27,31,31,29,29
0.67752809,29,31,29,31,31
0.677967758,27,31,31,34,30
0.678407426,28,29,30,29,30
0.678847093,30,29,33,28,31
0.679286761,31,27,30,27,33
0.679726429,31,32,31,31,34
0.680166097,29,28,31,31,31
0.680605765,31,34,31,31,31
0.681045432,34,31,34,32,31
0.6814851,34,31,31,32,34
0.681924768,31,38,31,31,31
0.682364436,31,33,36,32,33
0.682804104,31,34,30,34,31
0.683243771,31,35,35,33,35
0.683683439,33,35,34,34,33
0.684123107,31,36,34,34,31
0.684562775,33,34,34,34,34
0.685002443,35,31,35,38,33
0.68544211,32,33,33,34,33
0.685881778,32,29,34,31,35
0.686321446,33,31,34,34,35
0.686761114,32,36,36,36,31
0.687200782,35,34,34,34,34
0.687640449,34,37,35,37,35
0.688080117,34,34,37,34,31
0.688519785,31,35,33,31,36
0.688959453,34,34,36,34,35
0.689399121,35,36,36,38,37
0.689838788,37,37,37,37,38
0.690278456,37,36,38,38,39
0.690718124,38,35,31,39,34
0.691157792,36,38,35,34,35
0.69159746,38,34,37,39,35
0.692037128,35,31,37,37,37
0.692476795,38,38,38,40,39
0.692916463,34,34,37,38,38
0.693356131,36,39,37,39,38
0.693795799,40,39,35,39,39
0.694235467,39,39,40,40,42
0.694675134,42,39,39,39,39
0.695114802,39,35,40,37,39
0.69555447,39,37,39,38,39
0.695994138,29,38,39,39,35
0.696433806,39,39,36,38,37
0.696873473,37,39,37,38,41
0.697313141,39,39,41,39,41
0.697752809,43,42,42,39,41
0.698192477,41,39,40,38,39
0.698632145,39,41,39,39,41
0.699071812,39,42,42,43,42
0.69951148,39,40,40,41,43
0.699951148,43,39,39,39,43
0.700390816,43,39,43,39,45
0.700830484,39,42,41,39,41
0.701270151,42,43,39,41,42
0.701709819,42,41,43,44,43
0.702149487,39,42,39,44,44
0.702589155,41,43,43,42,45
0.703028823,43,43,39,43,40
0.70346849,40,43,39,43,45
0.703908158,45,45,43,43,46
0.704347826,42,45,46,45,45
0.704787494,45,44,43,47,43
0.705227162,43,39,43,43,43
0.70566683,41,47,45,45,45
0.706106497,43,45,45,47,47
0.706546165,46,47,43,44,43
0.706985833,46,47,47,43,46
0.707425501,45,43,47,47,47
0.707865169,47,46,47,46,43
0.708304836,47,47,47,50,45
0.708744504,45,47,46,47,49
0.709184172,45,47,47,47,47
0.70962384,46,47,47,47,44
0.710063508,47,50,45,45,47
0.710503175,47,47,47,54,48
0.710942843,47,47,47,47,47
0.711382511,47,48,47,43,46
0.711822179,47,45,47,47,50
0.712261847,47,50,50,45,45
0.712701514,47,50,47,47,47
0.713141182,47,51,45,51,46
0.71358085,50,45,47,47,47
0.714020518,50,47,49,49,47
0.714460186,47,50,50,46,47
0.714899853,51,50,50,51,47
0.715339521,51,47,53,51,47
0.715779189,50,47,47,47,51
0.716218857,51,51,49,49,50
0.716658525,51,49,52,51,54
0.717098192,51,50,50,51,53
0.71753786,47,47,53,47,47
0.717977528,51,47,50,51,51
0.718417196,51,53,51,51,52
0.718856864,50,50,53,51,47
0.719296532,49,53,54,50,52
0.719736199,50,47,47,54,52
0.720175867,53,52,45,51,50
0.720615535,54,51,51,51,54
0.721055203,51,53,54,51,50
0.721494871,51,51,52,55,53
0.721934538,51,53,55,51,53
0.722374206,56,54,53,51,53
0.722813874,54,47,52,53,54
0.723253542,52,51,54,54,55
0.72369321,53,51,55,47,53
0.724132877,55,51,56,53,55
0.724572545,53,55,55,55,55
0.725012213,55,51,53,54,53
0.725451881,55,55,53,54,55
0.725891549,51,55,56,56,57
0.726331216,55,51,53,55,55
0.726770884,55,53,55,56,52
0.727210552,56,57,55,55,55
0.72765022,59,61,58,60,57
0.728089888,57,55,51,56,56
0.728529555,59,55,58,55,55
0.728969223,55,55,55,57,55
0.729408891,55,55,55,60,59
0.729848559,60,58,59,54,59
0.730288227,54,55,57,57,58
0.730727894,60,59,57,57,55
0.731167562,55,55,59,59,59
0.73160723,55,58,60,55,58
0.732046898,61,59,59,59,59
0.732486566,59,58,58,60,55
0.732926234,59,59,55,61,56
0.733365901,58,59,55,59,59
0.733805569,61,60,59,59,61
0.734245237,57,61,55,59,59
0.734684905,61,61,61,62,59
0.735124573,59,59,59,61,61
0.73556424,61,59,59,63,62
0.736003908,61,59,61,61,62
0.736443576,60,57,60,61,59
0.736883244,59,58,60,62,59
0.737322912,63,62,63,59,63
0.737762579,59,62,63,63,59
0.738202247,63,63,61,63,63
0.738641915,59,63,62,61,59
0.739081583,61,62,63,63,62
0.739521251,59,62,59,63,59
0.739960918,63,63,63,60,59
0.740400586,63,63,63,63,63
0.740840254,63,63,63,63,65
0.741279922,63,63,59,63,63
0.74171959,63,63,63,63,63
0.742159257,63,63,63,63,63
0.742598925,63,63,63,63,63
0.743038593,63,63,64,63,63
0.743478261,63,63,63,63,63
0.743917929,63,63,63,63,63
0.744357596,63,63,63,63,63
0.744797264,63,63,63,63,63
0.745236932,63,63,63,63,63
0.7456766,63,63,63,63,63
0.746116268,63,63,67,63,63
0.746555936,61,63,63,63,69
0.746995603,63,63,63,63,63
0.747435271,63,63,63,63,63
0.747874939,66,63,63,67,63
0.748314607,63,63,63,69,63
0.748754275,63,67,63,63,63
0.749193942,69,63,67,69,67
0.74963361,63,63,63,67,67
0.750073278,63,63,68,63,63
0.750512946,71,71,63,63,69
0.750952614,67,63,63,66,70
0.751392281,68,63,70,70,70
0.751831949,63,63,63,70,67
0.752271617,63,72,71,63,70
0.752711285,63,63,68,69,67
0.753150953,70,69,72,71,71
0.75359062,63,69,63,71,70
0.754030288,67,63,71,70,63
0.754469956,63,69,71,70,69
0.754909624,63,69,69,69,70
0.755349292,69,71,71,71,67
0.755788959,70,70,71,63,63
0.756228627,63,70,71,71,71
0.756668295,71,70,72,71,72
0.757107963,72,72,72,71,71
0.757547631,71,70,71,67,69
0.757987298,63,71,72,73,72
0.758426966,71,68,71,73,75
0.758866634,74,72,71,70,71
0.759306302,71,71,71,72,73
0.75974597,71,71,75,75,73
0.760185638,71,69,71,69,70
0.760625305,71,72,71,73,71
0.761064973,63,75,75,75,76
0.761504641,75,73,72,71,71
0.761944309,71,71,72,71,71
0.762383977,73,74,74,74,75
0.762823644,75,78,71,74,74
0.763263312,75,77,71,74,76
0.76370298,78,75,75,79,79
0.764142648,76,75,76,76,75
0.764582316,75,75,74,75,73
0.765021983,75,71,78,75,76
0.765461651,74,75,77,77,78
0.765901319,77,77,75,79,78
0.766340987,78,77,79,79,75
0.766780655,77,78,79,79,79
0.767220322,79,79,79,79,79
0.76765999,78,79,82,77,79
0.768099658,79,78,79,77,79
0.768539326,79,79,77,82,76
0.768978994,77,80,77,79,79
0.769418661,81,79,79,79,79
0.769858329,76,79,79,79,83
0.770297997,79,77,79,79,79
0.770737665,78,80,79,79,78
0.771177333,79,81,79,79,78
0.771617,79,79,79,83,79
0.772056668,77,79,82,79,81
0.772496336,79,79,79,79,83
0.772936004,83,81,83,82,82
0.773375672,79,82,83,82,79
0.77381534,84,79,83,82,79
0.774255007,83,79,83,83,85
0.774694675,83,83,75,79,85
0.775134343,83,83,79,84,84
0.775574011,77,83,83,79,83
0.776013679,87,86,85,79,86
0.776453346,87,85,87,83,86
0.776893014,80,83,81,84,86
0.777332682,84,83,85,83,83
0.77777235,86,84,81,85,83
0.778212018,83,79,83,85,83
0.778651685,83,79,83,84,79
0.779091353,84,84,83,85,86
0.779531021,87,85,85,87,86
0.779970689,87,87,85,87,88
0.780410357,87,87,87,79,87
0.780850024,84,88,85,85,87
0.781289692,89,91,89,85,88
0.78172936,87,90,90,87,89
0.782169028,87,87,86,90,91
0.782608696,90,89,91,90,87
0.783048363,87,87,87,87,87
0.783488031,87,86,88,90,87
0.783927699,89,87,87,88,87
0.784367367,89,91,87,90,90
0.784807035,91,87,91,90,91
0.785246702,90,91,91,91,90
0.78568637,94,91,91,91,87
0.786126038,91,93,94,95,91
0.786565706,91,91,89,95,90
0.787005374,91,91,93,93,94
0.787445042,93,95,95,96,93
0.787884709,94,91,91,95,95
0.788324377,93,94,93,91,87
0.788764045,91,95,93,92,91
0.789203713,91,89,94,89,91
0.789643381,92,95,95,91,95
0.790083048,95,94,95,95,95
0.790522716,94,91,95,95,94
0.790962384,95,94,91,95,95
0.791402052,97,94,93,95,94
0.79184172,95,95,100,95,96
0.792281387,97,94,95,94,91
0.792721055,95,95,95,95,97
0.793160723,95,95,98,91,95
0.793600391,95,100,95,99,97
0.794040059,92,91,98,95,95
0.794479726,98,95,95,100,98
0.794919394,100,95,98,95,95
0.795359062,99,95,99,97,99
0.79579873,99,100,99,99,99
0.796238398,101,99,98,94,103
0.796678065,101,95,101,100,98
0.797117733,95,101,103,99,95
0.797557401,95,99,100,101,99
0.797997069,98,95,101,98,100
0.798436737,102,99,99,99,99
0.798876404,101,99,103,101,103
0.799316072,102,102,103,99,103
0.79975574,103,103,103,103,103
0.800195408,103,101,103,103,103
0.800635076,103,105,107,106,103
0.801074744,103,101,104,103,102
0.801514411,103,103,103,103,103
0.801954079,103,102,103,105,101
0.802393747,103,103,102,103,103
0.802833415,103,105,105,104,106
0.803273083,105,103,103,105,103
0.80371275,107,110,107,108,107
0.804152418,103,104,103,103,106
0.804592086,107,107,109,107,105
0.805031754,108,107,109,107,104
0.805471422,106,102,103,106,103
0.805911089,103,107,108,107,107
0.806350757,109,106,109,103,103
0.806790425,102,98,99,101,97
0.807230093,102,103,100,102,99
0.807669761,107,111,111,111,111
0.808109428,111,107,111,115,111
0.808549096,111,111,111,108,108
0.808988764,109,111,111,109,114
0.809428432,111,111,111,111,113
0.8098681,111,110,110,109,111
0.810307767,111,116,111,111,111
0.810747435,111,111,111,111,111
0.811187103,111,117,114,111,114
0.811626771,111,111,111,107,116
0.812066439,117,114,115,115,116
0.812506106,115,111,115,115,116
0.812945774,115,115,111,111,117
0.813385442,111,110,109,109,107
0.81382511,110,111,118,111,115
0.814264778,118,115,117,115,115
0.814704446,115,117,111,115,111
0.815144113,118,117,114,116,119
0.815583781,117,119,117,119,118
0.816023449,119,119,119,115,117
0.816463117,111,119,119,115,118
0.816902785,118,115,111,118,118
0.817342452,119,119,119,117,117
0.81778212,119,115,117,119,119
0.818221788,119,119,120,119,119
0.818661456,111,119,115,119,122
0.819101124,119,118,119,119,119
0.819540791,119,119,119,119,119
0.819980459,111,122,122,121,121
0.820420127,119,121,123,125,124
0.820859795,123,123,123,123,127
0.821299463,124,123,123,124,125
0.82173913,123,124,119,123,125
0.822178798,123,123,123,123,123
0.822618466,127,126,127,123,127
0.823058134,123,123,125,123,127
0.823497802,125,125,127,127,127
0.823937469,127,127,122,125,125
0.824377137,127,126,127,125,127
0.824816805,127,127,127,127,127
0.825256473,127,127,127,127,127
0.825696141,127,127,127,127,127
0.826135809,127,127,127,127,126
0.826575476,127,127,127,127,127
0.827015144,127,127,127,124,123
0.827454812,127,127,127,127,127
0.82789448,127,127,127,127,127
0.828334148,127,127,127,127,127
0.828773815,127,127,127,127,127
0.829213483,131,127,136,127,127
0.829653151,127,127,127,127,131
0.830092819,127,127,127,127,127
0.830532487,133,127,127,127,127
0.830972154,133,127,131,127,127
0.831411822,127,127,127,127,127
0.83185149,127,138,127,127,127
0.832291158,131,134,127,127,136
0.832730826,136,133,135,135,127
0.833170493,127,136,135,127,135
0.833610161,135,135,127,135,136
0.834049829,134,136,133,127,138
0.834489497,135,136,135,134,127
0.834929165,136,134,135,138,137
0.835368832,135,135,136,137,138
0.8358085,135,138,137,139,135
0.836248168,136,138,137,136,135
0.836687836,133,136,135,127,139
0.837127504,136,137,136,135,137
0.837567171,136,136,139,139,137
0.838006839,137,138,141,139,142
0.838446507,138,139,139,135,138
0.838886175,137,138,141,142,143
0.839325843,140,135,142,139,139
0.839765511,139,142,142,142,142
0.840205178,142,142,142,142,142
0.840644846,143,148,142,143,143
0.841084514,143,143,143,143,143
0.841524182,146,142,143,146,141
0.84196385,142,143,146,143,143
0.842403517,145,146,146,142,147
0.842843185,141,143,145,143,145
0.843282853,143,143,147,147,147
0.843722521,146,145,145,143,147
0.844162189,148,147,147,151,143
0.844601856,147,143,147,149,148
0.845041524,143,149,149,148,150
0.845481192,147,147,143,150,148
0.84592086,148,146,148,147,147
0.846360528,148,150,150,148,149
0.846800195,150,151,149,151,149
0.847239863,149,147,146,150,147
0.847679531,149,151,153,153,150
0.848119199,153,151,151,147,146
0.848558867,148,148,151,153,151
0.848998534,154,153,151,154,151
0.849438202,149,151,151,154,153
0.84987787,151,151,151,154,151
0.850317538,151,151,155,153,156
0.850757206,154,151,155,155,153
0.851196873,155,151,153,155,156
0.851636541,156,156,155,156,155
0.852076209,156,157,156,155,155
0.852515877,157,157,158,159,159
0.852955545,157,155,159,159,158
0.853395213,155,155,159,162,155
0.85383488,159,159,161,158,158
0.854274548,156,158,155,161,157
0.854714216,157,162,158,162,160
0.855153884,159,161,158,159,158
0.855593552,159,159,163,161,158
0.856033219,159,162,160,158,163
0.856472887,164,159,159,163,161
0.856912555,161,159,164,162,159
0.857352223,160,158,165,161,162
0.857791891,163,159,165,159,166
0.858231558,159,164,161,160,159
0.858671226,165,159,166,166,163
0.859110894,164,163,163,159,164
0.859550562,162,160,161,163,166
0.85999023,163,163,167,167,169
0.860429897,167,167,163,166,167
0.860869565,167,167,166,163,167
0.861309233,163,165,168,165,167
0.861748901,167,165,165,163,167
0.862188569,164,163,167,167,170
0.862628236,170,170,170,167,168
0.863067904,168,167,167,167,167
0.863507572,167,169,170,167,169
0.86394724,169,171,174,174,168
0.864386908,167,166,165,167,167
0.864826575,167,168,169,171,173
0.865266243,167,170,173,175,172
0.865705911,170,169,174,173,173
0.866145579,175,175,173,175,173
0.866585247,172,173,175,175,175
0.867024915,179,175,170,173,171
0.867464582,175,175,175,173,175
0.86790425,178,175,178,178,172
0.868343918,174,176,171,175,175
0.868783586,175,175,175,175,175
0.869223254,174,175,177,178,177
0.869662921,171,167,169,175,175
0.870102589,178,179,175,175,182
0.870542257,175,182,181,179,181
0.870981925,180,178,179,180,180
0.871421593,178,175,179,183,180
0.87186126,179,179,179,180,182
0.872300928,179,181,179,181,181
0.872740596,183,179,181,183,181
0.873180264,182,181,183,185,183
0.873619932,182,182,185,183,181
0.874059599,182,179,183,183,183
0.874499267,183,183,183,183,183
0.874938935,184,183,186,182,183
0.875378603,185,183,183,187,183
0.875818271,183,186,181,183,183
0.876257938,183,183,187,187,187
0.876697606,189,187,187,187,187
0.877137274,190,187,185,183,187
0.877576942,189,189,189,186,187
0.87801661,187,189,191,189,191
0.878456277,188,190,191,190,191
0.878895945,189,189,190,187,188
0.879335613,189,189,191,191,191
0.879775281,191,191,191,191,190
0.880214949,189,190,189,190,191
0.880654617,191,190,191,187,191
0.881094284,191,191,190,191,191
0.881533952,191,191,191,191,191
0.88197362,191,193,191,191,191
0.882413288,191,189,191,191,191
0.882852956,191,191,191,189,191
0.883292623,191,196,191,191,191
0.883732291,191,191,191,191,197
0.884171959,191,191,191,191,199
0.884611627,199,194,191,197,191
0.885051295,191,195,191,191,191
0.885490962,198,198,191,191,191
0.88593063,197,196,191,199,197
0.886370298,191,199,199,198,197
0.886809966,198,191,191,191,197
0.887249634,198,198,195,196,196
0.887689301,191,198,198,197,198
0.888128969,197,197,191,199,200
0.888568637,198,199,199,199,201
0.889008305,200,191,199,200,199
0.889447973,202,202,199,200,197
0.88988764,191,199,199,199,204
0.890327308,201,198,199,199,204
0.890766976,203,203,205,203,200
0.891206644,199,200,198,199,204
0.891646312,203,205,202,202,201
0.892085979,205,203,203,205,203
0.892525647,203,203,205,201,202
0.892965315,204,205,204,207,207
0.893404983,203,205,206,205,205
0.893844651,204,203,205,203,207
0.894284319,207,206,207,207,206
0.894723986,207,203,207,207,207
0.895163654,210,206,206,213,209
0.895603322,207,207,209,205,207
0.89604299,207,210,207,207,211
0.896482658,206,207,207,207,211
0.896922325,212,207,207,207,212
0.897361993,206,206,207,214,211
0.897801661,207,212,210,207,211
0.898241329,211,211,210,209,212
0.898680997,207,207,213,207,210
0.899120664,210,207,214,210,208
0.899560332,210,213,213,212,208
0.9,210,211,214,215,215
